antecedents,consequents,antecedent support,consequent support,support,confidence,lift,representativity,leverage,conviction,zhangs_metric,jaccard,certainty,kulczynski
39962,42395,0.009523287725816976,0.029421579809833093,0.0010409869951337593,0.10930962343096233,3.715287354978456,1.0,0.0007607968252566313,1.089692272110158,0.7378687517550786,0.027463863337713536,0.082309725787512,0.07234568694825584
42785,42395,0.007969278431646005,0.029421579809833093,0.0010061214019953081,0.12625,4.29106801252751,1.0,0.0007716526405918537,1.1108193650245115,0.7731189841298121,0.027652292950034227,0.0997636236041547,0.0802233578804808
